birthpl,nin,recp,ch71,en71,wsppc,dens71,moldyed,birthlat,birthlong,Schools73new,Schools74new,Schools75new,Schools76new,Schools77new,Schools78new,pop71new,ch71new,totinnew,ninnew,nch71new,atsc71new,en71newish,en71new,nen71new,nen71newish
1101,2.729536056518555,1,66678,.1605596542358398,.5235215425491333,26.35664558410645,7.063102722167969,3.074837562046412,97.4651658372687,18,18,25,25,48,48,234785,66678,182,2.729536056518555,192861,37697,.1605596542358398,.1954620182514191,.80453801,.83944035
1102,2.673723697662354,0,36653,.1799329072237015,,12.3435173034668,7.932509422302246,3.710814012073933,97.5107332563111,5,10,10,10,35,35,122818,36653,105,2.864703893661499,97002,22099,.1799329072237015,.2278200387954712,.77217996,.82006711
1103,2.367048978805542,1,89563,.1820417046546936,.3452166616916656,1168.519287109375,7.285371780395508,4.52998926907761,97.72860733872662,17,17,21,21,68,68,303815,89563,212,2.367048978805542,251584,55307,.1820417046546936,.2198351174592972,.7801649,.8179583
1104,2.062134504318237,0,29581,.2307340800762177,1.339499115943909,18.19871711730957,7.391823291778564,4.593358348803827,96.91847978987418,3,5,6,6,17,17,105043,29581,54,1.825496077537537,85559,24237,.2307340800762177,.2832781970500946,.71672177,.76926589
1105,2.455086708068848,1,60283,.1904926896095276,.5785679221153259,18.62884712219238,6.550590038299561,4.212281138571218,96.0988972392353,19,19,26,26,29,29,225111,60283,148,2.455086946487427,187504,42882,.1904926896095276,.228699117898941,.77130091,.80950731
1106,2.386285066604614,0,47773,.1919021308422089,.6497544050216675,67.68466186523438,7.842760562896729,5.380690592557623,95.51675366704626,14,14,17,17,26,26,181801,47773,114,2.386285305023193,153021,34888,.1919021308422089,.2279948443174362,.77200514,.80809784
1107,2.645250082015991,1,73339,.1597221493721008,.5429980754852295,70.52812194824219,8.257566452026367,5.076191757853693,96.07061676181037,23,23,26,26,48,48,293397,73339,194,2.645250082015991,246813,46862,.1597221493721008,.1898684501647949,.81013155,.84027785
1108,2.400765657424927,1,129542,.1803251504898071,.4067706763744354,92.92579650878906,7.321183681488037,5.059077048655611,96.93956401696219,32,25,46,46,81,81,470855,129542,311,2.400765657424927,394081,84907,.1803251504898071,.2154557108879089,.78454429,.81967485
1171,4.267844200134277,0,13590,.3397741615772247,.6385182738304138,879.8032836914063,10.72823619842529,5.546841993267093,95.34053210141043,2,2,10,10,17,17,53668,13590,58,4.267843723297119,44927,18235,.3397741615772247,.4058806598186493,.59411931,.66022587
1172,5.001136779785156,0,4399,.1821843981742859,2.083290815353394,148.1092376708984,10.24492931365967,5.839514263453162,95.28834256251433,2,2,3,3,6,6,17625,4399,22,5.001136779785156,14864,3211,.1821843981742859,.2160252928733826,.78397471,.8178156
1201,2.879837274551392,1,106256,.1196618378162384,.4738927781581879,70.04193115234375,5.941613674163818,.7729207209048984,97.78704648065565,13,13,42,42,98,98,372483,106256,306,2.879837274551392,312951,44572,.1196618378162384,.1424248516559601,.85757518,.88033819
1202,2.156593799591064,1,191042,.2297828644514084,.3860680162906647,33.17621994018555,7.94448709487915,1.193179960737077,99.5285952824441,17,17,80,80,110,110,626931,191042,414,2.167062759399414,522629,144058,.2297828644514084,.2756410241127014,.72435898,.77021712
1203,6.313769340515137,1,39596,.1570622026920319,.5852771401405334,62.09186553955078,7.556022167205811,1.83092762736289,98.66560276560526,4,4,18,18,41,41,135857,39596,126,3.18213963508606,110606,21338,.1570622026920319,.1929190158843994,.80708098,.84293783
1204,1.643479347229004,0,192275,.2487594783306122,.4714624881744385,58.79585266113281,10.01990604400635,2.224205440532015,98.93063697817904,27,27,79,79,113,113,623530,192275,438,2.277987241744995,505524,155109,.2487594783306122,.3068281710147858,.69317186,.75124049
1205,2.520133495330811,1,109518,.1355507224798203,.4853187501430511,38.63059234619141,7.474973678588867,2.17661615744596,99.97381650152882,12,12,46,46,80,80,360153,109518,276,2.52013373374939,292185,48819,.1355507224798203,.1670825034379959,.83291751,.86444926
1206,2.366251707077026,1,181722,.1579220443964005,.4189988374710083,129.5751953125,7.282785892486572,2.886443292821888,99.54089660436894,15,15,75,75,125,125,593584,181722,430,2.366251707077026,487959,93740,.1579220443964005,.192106306552887,.80789369,.84207797
1207,2.366644144058228,1,204509,.1849538832902908,.3461148738861084,151.5809173583984,8.194803237915039,2.979833709606827,99.03807313527005,17,17,85,85,140,140,662257,204509,484,2.366644144058228,542534,122487,.1849538832902908,.2257683426141739,.77423167,.81504613
1208,2.779131174087524,1,55413,.2051842510700226,.5946198701858521,58.7504768371582,9.511322021484375,2.737796457459433,98.25687431130527,8,8,23,23,46,46,184829,55413,154,2.779131174087524,147467,37924,.2051842510700226,.2571693956851959,.74283063,.79481578
1209,2.800739049911499,1,51415,.2329761236906052,.5793935060501099,85.63986968994141,8.782710075378418,3.122678351387173,98.29925026790794,10,10,20,20,42,42,182156,51415,144,2.800739049911499,151775,42438,.2329761236906052,.2796112596988678,.72038877,.76702386
1210,1.714515209197998,1,440941,.1763578057289124,.2812020182609558,329.7158203125,7.555445671081543,3.434181727817765,98.84758320216085,30,30,157,157,191,191,1430637,440941,756,1.714515209197998,1172976,252304,.1763578057289124,.2150973230600357,.78490269,.82364219
1211,1.675683259963989,0,159338,.1611773073673248,.4243857562541962,82.95417022705078,7.134956359863281,3.715522087392719,98.21963616768055,15,15,48,48,53,53,519459,159338,232,1.456024408340454,422035,83725,.1611773073673248,.198384016752243,.80161595,.83882272
1271,4.836154460906982,0,11993,.2672240138053894,.8457475900650024,3838.45458984375,10.84610271453857,1.72872691838962,98.79802806220226,2,2,16,16,11,11,42223,11993,58,4.836154460906982,35313,11283,.2672240138053894,.3195140659809113,.68048596,.73277599
1272,3.330904722213745,0,9607,.2167003899812698,1.30299961566925,579.3793334960938,8.753133773803711,2.941756073037253,99.78163578047293,1,1,11,11,4,4,33604,9607,32,3.330904483795166,28228,7282,.2167003899812698,.2579708099365234,.74202919,.78329962
1273,2.729023933410645,1,37376,.3183499574661255,.4402779638767242,1846.17138671875,10.29785919189453,2.968779260377104,99.05505080590864,2,2,24,24,25,25,129232,37376,102,2.729023933410645,108991,41141,.3183499574661255,.377471536397934,.62252843,.68165004
1274,7.735584259033203,1,8532,.2421653419733047,1.235402822494507,977.8709716796875,9.014675140380859,3.325987867944716,99.14037180110677,1,1,10,10,22,22,30314,8532,66,7.735583305358887,25472,7341,.2421653419733047,.2881987988948822,.71180117,.75783467
1275,1.190509796142578,0,177235,.2837646007537842,.3987982273101807,2398.34716796875,10.56402206420898,3.649887663928312,98.66831675555305,4,11,36,36,62,62,635562,177235,211,1.190509796142578,535805,180350,.2837646007537842,.3365963399410248,.66340363,.7162354
1276,5.11102294921875,1,17609,.2221201658248901,.5793059468269348,665.3555297851563,9.689281463623047,3.620306542864131,98.48162599499665,2,2,20,20,23,23,59882,17609,90,5.11102294921875,49918,13301,.2221201658248901,.2664569914340973,.73354304,.77787983
1301,1.534814238548279,0,72973,.1749879717826843,.5072001218795776,44.2747917175293,6.869953155517578,-1.762071067616425,100.891232040305,7,7,22,22,27,27,253606,72973,112,1.534814238548279,210053,44378,.1749879717826843,.2112704962491989,.78872949,.82501203
1302,1.469985842704773,0,82994,.173399955034256,.511482834815979,41.69932174682617,6.557244777679443,-1.193004842491107,101.0432628103092,12,12,22,22,27,27,295398,82994,122,1.469985842704773,267388,51222,.173399955034256,.1915643215179443,.80843568,.82660007
1303,1.795211315155029,0,44563,.1429289132356644,.6739007830619812,26.4697093963623,6.246632099151611,-.9048166404007174,101.306329274858,9,9,14,14,17,17,161227,44563,80,1.79521119594574,136225,23044,.1429289132356644,.169161319732666,.83083868,.8570711
1304,1.399545788764954,0,81455,.1904551237821579,.4390979111194611,218.2567291259766,8.381418228149414,-.4634922142137964,100.5911243412287,10,10,22,22,25,25,291591,81455,114,1.399545788764954,249560,55535,.1904551237821579,.2225316613912582,.77746832,.80954486
1305,1.397127151489258,0,160329,.1739486753940582,.3802827596664429,74.90219879150391,7.158697128295898,-1.593087358450415,99.54248402651443,15,15,45,45,52,52,555250,160329,224,1.397127151489258,455770,96585,.1739486753940582,.2119161039590836,.78808391,.82605135
1306,1.434690713882446,0,97582,.1903418600559235,.4148811101913452,155.4856567382813,7.708936214447021,-.2528224868662394,100.1609449070644,10,10,28,28,32,32,347044,97582,140,1.434690833091736,296154,66057,.1903418600559235,.2230494916439056,.77695048,.80965817
1307,1.865370392799377,0,55753,.2309154868125916,.5203253030776978,66.80261993408203,7.311449527740479,-.0005993866489847,100.579733715574,7,7,20,20,25,25,224056,55753,104,1.865370392799377,244419,51738,.2309154868125916,.2116774916648865,.78832251,.76908451
1308,.7795604467391968,0,79532,.1647001355886459,.4597237706184387,35.00395584106445,7.007252216339111,.3004911931683141,99.88593250035321,7,7,10,10,14,14,274256,79532,62,.7795604467391968,227563,45170,.1647001355886459,.198494479060173,.80150551,.83529985
1371,1.169569373130798,0,54721,.2887353003025055,.3721165955066681,282.5021667480469,9.759081840515137,-.9783272253801657,100.446363932672,3,3,13,13,16,16,196339,54721,64,1.169569373130798,163501,56690,.2887353003025055,.3467257022857666,.6532743,.71126473
1372,2.320522308349609,0,6895,,1.294174671173096,434.5789489746094,8.697583198547363,-.7651748393686539,100.6210339967564,2,2,2,2,4,4,24771,6895,16,2.320522308349609,267388,51222,.173399955034256,.1915643215179443,.80843568,.82660007
1373,4.214963436126709,0,3796,.2629757821559906,2.349561452865601,45.52014541625977,9.197071075439453,-.6033665295816564,100.7594942130901,2,2,2,2,4,4,12427,3796,16,4.214962959289551,10117,3268,.2629757821559906,.3230206668376923,.6769793,.73702419
1374,2.405291557312012,0,8315,.2951059937477112,1.046530604362488,1335.260864257813,8.642541885375977,-.4576744643736916,100.4290209889745,2,2,3,3,5,5,30711,8315,20,2.405291557312012,25929,9063,.2951059937477112,.3495314121246338,.65046859,.70489401
1375,1.302160382270813,0,16895,.3405562937259674,.4750047624111176,2525.280029296875,9.905241012573242,-.2730771119243623,100.373990149581,2,2,3,3,6,6,63132,16895,22,1.302160382270813,53291,21500,.3405562937259674,.4034452438354492,.59655476,.65944374
1376,1.356008768081665,0,17699,,.5439515113830566,792.3499755859375,9.093045234680176,-.2366597081672969,100.6365978772237,2,2,4,4,6,6,63388,17699,24,1.356008768081665,244419,51738,.2309154868125916,.2116774916648865,.78832251,.76908451
1401,2.303328037261963,1,59045,.153989315032959,.593239426612854,15.72834587097168,7.072788715362549,-.5284801588738862,101.9930385741071,10,10,23,23,35,35,197202,59045,136,2.303327798843384,164733,30367,.153989315032959,.1843407154083252,.81565928,.84601068
1402,2.692353010177612,1,76513,.1152089983224869,.5238263607025146,23.20713996887207,6.632466793060303,-.2608438799841835,103.1594088061267,14,14,37,37,52,52,286028,76513,206,2.692353010177612,236729,32953,.1152089983224869,.139201357960701,.86079866,.88479102
1403,2.127451658248901,1,92129,.100351519882679,.5233650207519531,44.98519134521484,6.957203388214111,1.563529652838176,105.5929593750568,17,17,32,32,49,49,331136,92129,196,2.12745189666748,277403,33230,.100351519882679,.1197896227240562,.8802104,.89964849
1404,2.29963493347168,1,79143,.1450991928577423,.5199233293533325,8.516048431396484,6.736916065216064,.4044907053913509,101.4591830562479,15,15,30,30,46,46,258692,79143,182,2.299634695053101,216566,37536,.1450991928577423,.1733236014842987,.82667637,.85490084
1405,1.880195260047913,1,121264,.1417463421821594,.4748726785182953,13.90768814086914,6.927775382995605,1.323298092451667,101.5561049326537,18,18,40,40,56,56,423503,121264,228,1.880195260047913,354729,60030,.1417463421821594,.1692277789115906,.83077222,.85825366
1471,1.265483856201172,0,41091,.2367027550935745,.4210370182991028,229.4778442382813,10.93010711669922,.5417133309352002,101.461025065084,6,6,8,8,12,12,145030,41091,52,1.265483856201172,118254,34329,.2367027550935745,.2902988493442535,.70970118,.76329726
1472,2.127451658248901,1,92129,.100351519882679,.5233650207519531,,5.660674571990967,.9610294770771574,104.0669078524829,,,,,,,331136,92129,196,2.12745189666748,277403,33230,.100351519882679,.1197896227240562,.8802104,.89964849
1501,2.540958881378174,1,52736,.1799212247133255,.5746751427650452,44.43214416503906,7.641867637634277,-2.032954669953619,101.4527683428136,9,9,22,22,36,36,186615,52736,134,2.540958881378174,153931,33576,.1799212247133255,.2181237041950226,.78187633,.82007879
1502,3.437607288360596,1,40726,.1691929996013641,.7823405861854553,10.61903667449951,6.985118389129639,-1.431160308829288,102.1697497241787,6,6,24,24,40,40,143357,40726,140,3.437607288360596,116856,24255,.1691929996013641,.2075631618499756,.79243684,.83080697
1503,3.546334981918335,1,45117,.1221045032143593,.6904470324516296,11.27295780181885,6.891985416412354,-2.241335304551002,102.3389128628441,9,9,27,27,44,44,160076,45117,160,3.546334981918335,119064,19546,.1221045032143593,.164163812994957,.83583617,.87789547
1504,2.380592584609985,1,52928,.1122108995914459,.447381854057312,19.36172485351563,5.512242317199707,-1.684773878519734,103.4253273548006,7,7,21,21,35,35,215496,52928,126,2.380592584609985,135607,24181,.1122108995914459,.1783167570829391,.82168323,.88778913
1505,3.78558087348938,1,41209,.1456110328435898,1.259224772453308,13.91970634460449,6.021094799041748,-1.15534424939132,103.5343961489748,15,13,24,24,40,40,141981,41209,156,3.78558087348938,179432,20674,.1456110328435898,.1152191385626793,.88478088,.85438895
1571,1.893689155578613,0,45414,.2257393151521683,.4595954716205597,769.703857421875,9.03834342956543,-1.621015502560694,103.6416364850699,6,6,12,12,25,25,158559,45414,86,1.893689155578613,131517,35793,.2257393151521683,.2721549272537231,.72784507,.7742607
1601,2.205278396606445,1,154629,.1575066596269608,.4582027196884155,52.13595199584961,7.236271381378174,-4.283803265525967,104.1718911823005,30,23,35,35,109,109,542631,154629,341,2.205278396606445,442213,85468,.1575066596269608,.1932733803987503,.80672663,.84249336
1602,1.93994677066803,1,129385,.1707717627286911,.4517326653003693,21.05852890014648,6.6089768409729,-3.374429047963979,105.2998123690773,20,21,30,30,75,75,445788,129385,251,1.93994665145874,374863,76128,.1707717627286911,.2030821889638901,.7969178,.82922822
1603,1.979331135749817,1,105086,.1539465934038162,.4847829341888428,37.99153900146484,7.090847969055176,-3.543820886114265,104.0295041031058,13,15,25,25,65,65,363769,105086,208,1.979331254959106,298412,56001,.1539465934038162,.1876633614301682,.81233662,.84605342
1604,1.75606644153595,0,106488,.1894976943731308,.5504682660102844,92.14402770996094,7.412454128265381,-3.853885232743814,103.2533731406391,16,17,21,21,56,56,371709,106488,187,1.75606644153595,308101,70438,.1894976943731308,.2286198288202286,.77138019,.81050229
1605,2.395143747329712,1,72647,.1630226522684097,.5906662344932556,11.74415493011475,6.344415664672852,-2.971196388755174,102.9498018553473,12,14,17,17,57,57,252652,72647,174,2.395143747329712,211823,41188,.1630226522684097,.1944453567266464,.80555463,.83697736
1606,2.04259467124939,1,106727,.1255490928888321,.5946123600006104,14.75957870483398,6.951740741729736,-2.492676288346517,104.2194253243082,19,19,28,28,62,62,376753,106727,218,2.04259467124939,316596,47301,.1255490928888321,.149404913187027,.85059512,.87445092
1607,1.823308944702148,0,88301,.1143039613962173,.5465728044509888,26.28744506835938,7.075057506561279,-2.271257027785053,106.0016584532592,13,14,21,21,46,46,303804,88301,161,1.823308825492859,253765,34726,.1143039613962173,.1368431448936462,.86315686,.88569605
1608,2.067005395889282,0,34833,.186655193567276,.7519949674606323,28.45300102233887,6.969353675842285,-2.887158847862362,107.8857582419132,8,8,8,8,20,20,128949,34833,72,2.067005395889282,109236,24069,.186655193567276,.220339447259903,.77966058,.81334484
1671,1.194880127906799,0,165707,.2227267324924469,.339067280292511,1453.76806640625,8.796290397644043,-3.003227892887153,104.7264551554456,15,15,21,21,63,63,582961,165707,198,1.194880127906799,485764,129841,.2227267324924469,.2672923505306244,.73270762,.7772733
1672,1.641886234283447,0,21926,.2529538571834564,.6436246633529663,839.6966552734375,8.687825202941895,-2.201041783896386,106.1361548978685,4,4,4,4,10,10,74733,21926,36,1.641886353492737,63836,18904,.2529538571834564,.2961338460445404,.70386612,.74704611
1701,2.246173143386841,0,52979,.228176474571228,.7955489754676819,30.18221473693848,7.174802780151367,-4.340747283032812,103.0401634822605,19,16,14,14,28,28,179554,52979,119,2.246173143386841,147622,40970,.228176474571228,.2775331735610962,.72246683,.77182353
1702,2.471408367156982,1,58671,.1720322072505951,.6345838904380798,49.91143417358398,6.981491565704346,-3.315519951096503,102.4982130685852,18,13,19,19,38,38,205136,58671,145,2.471408367156982,172951,35290,.1720322072505951,.2040462344884872,.79595375,.82796776
1703,2.694328308105469,0,29692,.1396945863962173,1.352018237113953,10.72725391387939,4.517403125762939,-3.143368108178615,101.8318246976501,9,17,9,9,18,18,102810,29692,80,2.694328546524048,84825,14362,.1396945863962173,.1693132966756821,.83068669,.86030543
1771,2.856201171875,0,9103,.2886461913585663,1.396723747253418,219.7655181884766,10.20247459411621,-3.833234000992995,102.3056418873258,4,4,3,3,6,6,31866,9103,26,2.856201171875,26938,9198,.2886461913585663,.3414507508277893,.65854925,.71135378
1801,2.59349513053894,1,313091,.1440527886152267,.4197575151920319,163.8577117919922,6.165393352508545,-5.464672690491723,105.025119341529,62,62,104,104,240,240,1114765,313091,812,2.59349513053894,904383,160585,.1440527886152267,.1775630414485931,.82243693,.8559472
1802,2.464614152908325,1,290512,.1568512767553329,.4481151700019836,121.6419143676758,6.221442699432373,-4.993670285271116,105.4499524936087,38,38,95,95,225,225,998500,290512,716,2.464614152908325,816337,156616,.1568512767553329,.1918521374464035,.80814785,.84314871
1803,3.006872653961182,1,130368,.1576283127069473,.6025656461715698,35.59946823120117,7.138311862945557,-4.45424466533376,105.0502466244842,21,21,45,45,130,130,464834,130368,392,3.006872892379761,385476,73271,.1576283127069473,.1900792717933655,.80992073,.8423717
1804,3.006872653961182,1,130368,.1576283127069473,.6025656461715698,,8.324372291564941,-5.227570466135921,104.196120959808,,,,,,,464834,130368,392,3.006872892379761,385476,73271,.1576283127069473,.1900792717933655,.80992073,.8423717
1871,2.861335277557373,1,54520,.2140050083398819,.4520921111106873,1000.683898925781,8.341000556945801,-5.421863349310752,105.2521775183371,9,9,11,11,58,58,198986,54520,156,2.861335277557373,164083,42584,.2140050083398819,.259527176618576,.74047279,.78599501
3171,1.08841609954834,0,282980,.2082379162311554,,7236.9111328125,10.01233863830566,-6.272530317234624,106.8086273353642,46,30,48,48,68,68,1054635,282980,308,1.08841609954834,863749,219615,.2082379162311554,.2542578876018524,.74574208,.79176211
3172,1.017266154289246,0,219215,.1958591192960739,,4291.91943359375,9.941530227661133,-6.25573719204058,106.902353503193,39,16,34,34,50,50,805722,219285,223,1.016941428184509,656965,157808,.1958591192960739,.240207627415657,.75979239,.80414087
3173,1.006775379180908,0,319833,.2187840789556503,,26593.171875,10.82863998413086,-6.181592519138652,106.8352147370324,43,3,57,57,81,81,1273813,319833,322,1.006775379180908,1064018,278690,.2187840789556503,.2619222700595856,.73807776,.78121591
3174,1.107768774032593,0,215749,.1762579083442688,,6533.41259765625,9.200855255126953,-6.164621873482151,106.745718274194,41,20,36,36,53,53,824190,215749,239,1.107768774032593,686248,145270,.1762579083442688,.2116873264312744,.78831267,.82374209
3175,1.034361004829407,0,158552,.1385155618190765,,4010.447509765625,9.087315559387207,-6.100036846193172,106.8502176024633,31,9,25,25,37,37,617649,158552,164,1.034361004829407,504748,85554,.1385155618190765,.1694984436035156,.83050156,.86148441
3201,2.134186267852783,1,160717,.1699410378932953,.5494666695594788,219.2954406738281,5.790535449981689,-6.590154188158102,105.7456212594129,26,43,60,60,77,77,572628,160717,343,2.134186267852783,471894,97313,.1699410378932953,.2062179148197174,.79378211,.83005893
3202,3.080189228057861,1,153562,.1331694573163986,.4629313051700592,175.1162109375,5.779564380645752,-6.64846065279314,106.2140267122951,32,39,89,89,112,112,546364,153562,473,3.080188989639282,442959,72759,.1331694573163986,.1642567366361618,.83574325,.86683053
3203,1.584272503852844,0,472141,.1323207765817642,.3191485106945038,496.9657287597656,6.250507354736328,-6.549059727823249,106.7702263257025,122,86,120,120,150,150,1668778,472141,748,1.584272503852844,1362316,220814,.1323207765817642,.1620872169733047,.8379128,.86767924
3204,2.124358892440796,1,345516,.1214869916439056,.3652201592922211,308.1535949707031,5.849939346313477,-7.075233247367522,106.7041670883476,77,79,130,130,159,159,1211817,345516,734,2.124358892440796,997799,147220,.1214869916439056,.1475447416305542,.85245526,.87851298
3205,1.795241236686707,1,315835,.1476901769638062,.3494070470333099,325.2540893554688,6.48054838180542,-7.127832324421836,107.1560575686116,50,59,100,100,129,129,1125647,315835,567,1.795241117477417,922765,166247,.1476901769638062,.180161789059639,.81983823,.85230982
3206,1.422163248062134,0,542835,.1424177139997482,.30815389752388,668.44775390625,7.378458499908447,-7.009064791053953,107.5266489510022,94,92,132,132,161,161,1974614,542835,772,1.422163248062134,1637312,281220,.1424177139997482,.1717571169137955,.8282429,.85758227
3207,1.74239456653595,1,334597,.1563694775104523,.3776781260967255,394.2273254394531,6.970160484313965,-7.359046971724972,107.7838249617402,52,73,102,102,127,127,1200554,334597,583,1.74239456653595,990909,187730,.1563694775104523,.1894523054361343,.81054771,.84363055
3208,1.310128927230835,0,374009,.1545858681201935,.3593321442604065,479.3170166015625,7.105159759521484,-7.488033107874098,108.1428216810168,48,76,80,80,103,103,1313406,374009,490,1.310128927230835,1086901,203034,.1545858681201935,.1868008226156235,.81319916,.84541416
3209,1.375207543373108,0,325769,.156167671084404,.3721824884414673,486.2828674316406,7.023865699768066,-7.432437285054243,108.4697748187236,43,61,75,75,97,97,1225689,325769,448,1.375207543373108,1043139,191413,.156167671084404,.1834971159696579,.81650287,.84383231
3210,1.54092812538147,0,176517,.161447212100029,.4289280474185944,589.6061401367188,7.066003799438477,-7.00136001327084,108.5610856206201,20,36,45,45,63,63,658593,176517,272,1.54092800617218,551324,106328,.161447212100029,.1928593665361404,.80714065,.83855277
3211,1.688907146453857,0,257563,.1143355816602707,.4380553364753723,1069.4931640625,6.331352233886719,-6.742854394541872,108.547182943628,63,52,70,70,90,90,1041688,257563,435,1.688907146453857,861251,119102,.1143355816602707,.1382895410060883,.86171043,.8856644
3212,1.747086405754089,0,186024,.1296799927949905,.3893651068210602,633.4927368164063,6.659689903259277,-6.816254066939793,108.2587488021941,34,39,55,55,71,71,765893,186024,325,1.747086405754089,636457,99321,.1296799927949905,.1560529619455338,.84394705,.87032002
3213,1.708930134773254,0,166771,.1621289849281311,.4390470385551453,448.6609191894531,6.761897087097168,-6.824526730063943,107.9822448940255,22,37,47,47,66,66,637918,166771,285,1.708930253982544,544648,103425,.1621289849281311,.1898932904005051,.81010669,.83787102
3214,3.049056529998779,1,243026,.06794174015522,.4163773059844971,509.2114868164063,4.192696571350098,-6.448741101480707,108.1671558601241,78,53,140,140,165,165,985462,243026,741,3.049056529998779,819805,66954,.06794174015522,.0816706418991089,.91832936,.93205827
3215,2.08462119102478,1,221623,.0883156284689903,.3983558416366577,481.7044677734375,5.332741737365723,-6.484754047792463,107.7331233357429,58,38,80,80,103,103,898448,221623,462,2.08462119102478,754673,79347,.0883156284689903,.1051409021019936,.89485908,.91168439
3216,2.383260726928711,1,99024,.122424378991127,.5841741561889648,382.4718017578125,6.777775287628174,-6.590717293256715,107.4436671138186,22,20,40,40,57,57,371658,99024,236,2.383260488510132,305767,45500,.122424378991127,.1488061100244522,.8511939,.87757564
3217,1.856308817863464,1,248881,.0868140831589699,.3906573951244354,636.2326049804688,5.030440330505371,-6.260212619065866,107.3505426629774,69,49,75,75,97,97,1004261,248881,462,1.856308937072754,833978,87184,.0868140831589699,.1045399308204651,.89546007,.91318589
3218,2.226603269577026,1,215575,.0943108424544334,.4259950220584869,646.8618774414063,5.212528705596924,-6.22520419189875,107.1015643275244,61,41,84,84,105,105,830721,215575,480,2.226603269577026,682481,78346,.0943108424544334,.114795871078968,.88520414,.90568918
3219,1.663585424423218,0,296949,.1250207424163818,.4334556758403778,1218.060424804688,4.606303691864014,-6.192404287628112,106.5444313260303,76,52,80,80,103,103,1066695,296949,494,1.663585305213928,882382,133359,.1250207424163818,.1511352211236954,.84886479,.87497926
3220,2.032057523727417,1,232769,.1542735248804092,.469951719045639,458.1390991210938,6.527361392974854,-6.131098584020392,106.1372047760676,54,75,75,75,97,97,859467,232769,473,2.032057523727417,713354,132593,.1542735248804092,.1858726590871811,.81412733,.84572649
3271,2.564735889434814,1,52637,.2045415043830872,.4231373965740204,8610.19921875,9.440732955932617,-6.593635152063086,106.7974999240687,7,20,20,20,34,34,195882,52637,135,2.564735889434814,162683,40066,.2045415043830872,.2462826520204544,.75371736,.7954585
3272,3.701989650726318,1,25932,.2177012115716934,.5372498631477356,7921.154296875,10.40437412261963,-6.949226095313517,106.9138270546444,7,5,15,15,27,27,96242,25932,96,3.701989889144897,82363,20952,.2177012115716934,.2543860673904419,.74561393,.7822988
3273,.6890698075294495,0,319271,.2280961573123932,.268880695104599,7150.6044921875,10.71824741363525,-6.924324638275536,107.6350742851919,36,36,30,30,44,44,1201730,319271,220,.6890698075294495,1002920,274110,.2280961573123932,.2733119428157806,.72668803,.77190387
3274,2.429309368133545,0,45692,.2099938988685608,.4208167791366577,4778.6123046875,8.854310989379883,-6.752554103988196,108.5498702832047,9,12,16,16,29,29,178529,45692,111,2.429309368133545,151250,37490,.2099938988685608,.24786776304245,.75213224,.7900061
3275,1.663585424423218,0,296949,.1250207424163818,.4334556758403778,,7.051465034484863,-6.188641922709374,106.6523639657961,,,,,,,1066695,296949,494,1.663585305213928,882382,133359,.1250207424163818,.1511352211236954,.84886479,.87497926
3301,2.154952764511108,1,333650,.1191634461283684,.3300333917140961,5.552908420562744,5.952072143554688,-7.48609082947471,108.8904123686235,72,73,121,121,166,166,1187495,333650,719,2.154952764511108,987849,141506,.1191634461283684,.143246591091156,.85675341,.88083655
3302,1.260903120040894,0,279165,.1802266836166382,.383643627166748,7.857493877410889,6.504873752593994,-7.452882337937718,109.1764439241301,32,32,60,60,84,84,1043153,279165,352,1.260903120040894,879099,188004,.1802266836166382,.2138598710298538,.78614014,.81977332
3303,1.970134854316711,1,153289,.1537780314683914,.3939714431762695,7.536951065063477,6.001694679260254,-7.321820701509435,109.4116072128773,30,30,50,50,71,71,586111,153289,302,1.970134854316711,494946,90131,.1537780463695526,.18210269510746,.81789732,.84622192
3304,2.197487592697144,1,160638,.1292594522237778,.4953241348266602,5.530829906463623,5.857545375823975,-7.351769446245809,109.6615728037252,32,33,60,60,84,84,591655,160638,353,2.197487592697144,504468,76477,.1292594522237778,.1515993028879166,.84840071,.87074053
3305,1.716905474662781,1,272001,.1682897955179214,.4100739657878876,7.289271354675293,6.823774337768555,-7.656999507960134,109.6184530624055,42,43,80,80,111,111,935024,272001,467,1.716905474662781,789430,157355,.1682897955179214,.199327364563942,.80067265,.83171022
3306,1.506720423698425,0,192471,.1878080070018768,.450082540512085,6.369107723236084,8.381661415100098,-7.699152039494887,109.9669298128824,23,23,50,50,72,72,659088,192471,290,1.506720423698425,560723,123782,.1878080070018768,.2207542806863785,.77924573,.81219196
3307,1.918616414070129,1,139684,.1458848863840103,.4709714949131012,5.252630233764648,5.907028198242188,-7.415353126373528,109.9091988799007,21,21,46,46,67,67,517216,139684,268,1.918616414070129,434898,75454,.1458848863840103,.1734981536865234,.82650185,.85411513
3308,1.63062846660614,0,218934,.1410697847604752,.3894427716732025,7.646459102630615,7.379771709442139,-7.502828241037666,110.247601110343,45,46,55,55,78,78,830199,218934,357,1.630628347396851,710909,117116,.1410697847604752,.1647412031888962,.83525878,.85893023
3309,1.677355766296387,0,202700,.170187309384346,.4093103408813477,6.981104850769043,7.710166931152344,-7.410242125889451,110.6529307695579,35,35,56,56,79,79,708631,202700,340,1.677355766296387,606640,120600,.170187309384346,.1987999528646469,.80120003,.82981271
3310,1.112812757492065,0,265094,.1896195858716965,.4364644885063171,721.2286987304688,8.223283767700195,-7.685315448186832,110.6143616725914,41,42,43,43,63,63,957496,265094,295,1.112812757492065,822997,181560,.1896195858716965,.2206083387136459,.77939165,.8103804
3311,1.590502381324768,0,140836,.1519104242324829,.4877681732177734,634.8768310546875,7.948338985443115,-7.686665772144571,110.8324855996893,23,23,36,36,58,58,493712,140836,234,1.66150689125061,422400,75000,.1519104242324829,.1775568127632141,.82244319,.84808958
3312,1.537336349487305,0,254336,.172385960817337,.413631796836853,834.83837890625,6.951332569122314,-7.920806482921531,110.9993907471952,34,35,67,67,94,94,893060,254336,391,1.537336349487305,764922,153951,.172385960817337,.2012636512517929,.79873633,.82761407
3313,1.684117555618286,0,144883,.150613084435463,.5475232601165771,391.3302917480469,6.827258586883545,-7.611140474595961,111.014777042902,25,25,39,39,58,58,501975,144883,244,1.684117436408997,431457,75604,.150613084435463,.1752295196056366,.82477045,.84938693
3314,1.770226716995239,1,185287,.144878476858139,.4303473234176636,620.404541015625,6.03713321685791,-7.384690917762438,110.9756334449249,31,31,55,55,78,78,642007,185287,328,1.770226716995239,546789,93013,.144878476858139,.1701076626777649,.82989234,.85512149
3315,1.760294795036316,1,255639,.1637402176856995,.4111452698707581,896.60400390625,6.678314208984375,-7.117480655946895,110.9287228614151,31,31,81,81,113,113,882868,255639,450,1.760294795036316,743297,144561,.1637402176856995,.1944861859083176,.8055138,.83625978
3316,2.131722211837769,1,175445,.1438768655061722,.4060110747814178,571.6163330078125,5.599868297576904,-7.074348515491678,111.3847691260549,31,31,65,65,91,91,620621,175445,374,2.131722211837769,532867,89293,.1438768655061722,.1675708889961243,.83242911,.85612315
3317,2.879204273223877,1,99333,.1254260689020157,.6298031806945801,361.5721130371094,6.279857158660889,-6.775798262860702,111.4624082088749,17,17,52,52,74,74,367021,99333,286,2.879204273223877,315621,46034,.1254260689020157,.1458521485328674,.85414785,.87457395
3318,2.185988664627075,1,239251,.1427082568407059,.5011655688285828,1285.142456054688,6.486701488494873,-6.744832244044668,111.0402628470935,46,47,90,90,125,125,842488,239251,523,2.185988664627075,720053,120230,.1427082568407059,.166973814368248,.83302617,.85729176
3319,2.345849990844727,1,122770,.1553850173950195,.5103174448013306,963.0823364257813,7.387436389923096,-6.797693904094396,110.8684305494641,23,23,50,50,71,71,449432,122770,288,2.345849990844727,377829,69835,.1553850173950195,.184832289814949,.81516773,.84461498
3320,2.584253549575806,1,160201,.140420988202095,.4705948829650879,324.6124572753906,6.253939151763916,-6.556027480522918,110.7658386476925,36,36,71,71,100,100,591564,160201,414,2.584253549575806,499111,83068,.140420988202095,.1664319187402725,.8335681,.85957903
3321,1.916230082511902,1,172735,.1255577802658081,.4080556631088257,769.9287719726563,6.155290126800537,-6.916910358786003,110.626267000994,32,33,55,55,78,78,594539,172735,331,1.916230082511902,494096,74649,.1255577802658081,.1510819792747498,.84891802,.87444222
3322,1.591185331344604,0,191681,.1522869616746902,.3942761719226837,715.5638427734375,7.838595867156982,-7.271068907010011,110.4766319123685,34,35,49,49,69,69,677274,191681,305,1.591185331344604,575280,103140,.1522869616746902,.1792866140604019,.8207134,.84771305
3323,1.904279351234436,1,130233,.1728087514638901,.4457071721553802,238.7008209228516,6.628743171691895,-7.25939687673244,110.1400142154396,18,18,43,43,63,63,471637,130233,248,1.904279232025146,400649,81503,.1728087514638901,.2034274339675903,.79657257,.82719123
3324,1.728071928024292,0,178812,.1252905428409576,.4590781033039093,362.7591247558594,5.619617938995361,-7.040024939241547,110.1565638793688,33,34,50,50,71,71,650935,178812,309,1.728071928024292,545798,81556,.1252905428409576,.1494252383708954,.85057473,.87470949
3325,2.772565126419067,1,118302,.1152974814176559,.5045714974403381,448.7733154296875,5.070468425750732,-7.017803693333268,109.8751141475008,29,29,56,56,79,79,455101,118302,328,2.772565126419067,383575,52472,.1152974814176559,.136797234416008,.86320275,.8847025
3326,1.84342098236084,1,143212,.1194635108113289,.4991563260555267,371.5926818847656,6.549356460571289,-7.060857437488447,109.6321564286852,21,21,45,45,66,66,554119,143212,264,1.84342086315155,465634,66197,.1194635108113289,.1421653032302856,.8578347,.8805365
3327,2.063809633255005,1,207868,.0905318260192871,.4393184781074524,1892.967407226563,5.591513156890869,-7.039503113890337,109.3940361866991,50,51,69,69,95,95,804833,207868,429,2.063809633255005,672419,72863,.0905318260192871,.1083595231175423,.89164048,.90946817
3328,1.390060782432556,0,225170,.0972828194499016,.4122043550014496,862.0548706054688,5.736506938934326,-7.029106310370175,109.1605156000678,40,41,48,48,68,68,865641,225170,313,1.390060901641846,714339,84212,.0972828194499016,.1178880035877228,.88211203,.90271717
3329,2.527853012084961,1,267025,.0925515592098236,.417621523141861,1163.11376953125,5.770937442779541,-7.062742346945744,108.9287318215032,74,75,110,110,153,153,1043883,267025,675,2.52785325050354,864554,96613,.0925515592098236,.1117489486932755,.88825107,.90744841
3371,2.228692770004272,0,27819,.2604978680610657,.4294702112674713,116.4987487792969,9.693080902099609,-7.494451828789417,110.2262254141274,5,5,8,8,18,18,110308,27819,62,2.228692531585693,94801,28735,.2604978680610657,.3031086027622223,.69689143,.73950213
3372,1.31711483001709,0,103256,.2502866387367249,.2886225581169128,476.0638122558594,9.977365493774414,-7.556168424767145,110.8230578643995,18,18,18,18,32,32,414285,103256,136,1.31711483001709,361114,103690,.2502866387367249,.2871392369270325,.71286076,.74971336
3373,2.923027038574219,0,18474,.2573355734348297,.604172945022583,69.67284393310547,8.777827262878418,-7.339044748003869,110.4978039606073,3,3,7,7,17,17,69831,18474,54,2.92302680015564,60274,17970,.2573355734348297,.2981384992599487,.7018615,.74266446
3374,1.323731184005737,0,164686,.2350995242595673,.2958814799785614,819.5576171875,8.95771312713623,-7.021992804559911,110.385487809827,14,14,37,37,58,58,646590,164686,218,1.323731303215027,551939,152013,.2350995242595673,.2754163146018982,.72458369,.76490045
3375,3.195481777191162,1,26913,.1840017139911652,.5629791021347046,133.3967132568359,7.501716136932373,-6.901309219087327,109.6881109831589,4,4,13,13,26,26,111537,26913,86,3.195481777191162,96109,20523,.1840017139911652,.21353879570961,.78646123,.81599832
3376,2.715648889541626,0,26513,.2208563387393951,.4732298254966736,104.5083465576172,8.363019943237305,-6.87540695352603,109.1116849779744,5,5,10,10,21,21,105752,26513,72,2.715648889541626,91216,23356,.2208563387393951,.2560515701770782,.74394846,.77914369
3401,1.429247379302979,0,103551,.2031237334012985,.6941394209861755,223.5864715576172,7.881454467773438,-7.819410272442143,110.1716224599796,14,14,22,22,38,38,370646,103551,148,1.429247379302979,320800,75287,.2031237334012985,.2346851676702499,.76531482,.79687625
3402,1.492780685424805,0,159434,.1823873221874237,.5042083263397217,31381.67578125,8.10407829284668,-7.90415980010589,110.3586969936997,19,19,40,40,60,60,568636,159434,238,1.492780804634094,495257,103712,.1823873221874237,.2094104737043381,.79058951,.81761265
3403,1.110888957977295,0,180036,.1569778025150299,.7419345378875732,14084.6015625,7.831416606903076,-7.99531616195973,110.6125897326834,18,18,25,25,42,42,620145,180036,170,.9442555904388428,530236,97349,.1569778025150299,.1835956126451492,.8164044,.84302223
3404,1.313115477561951,0,159925,.2058527618646622,.5250006914138794,11108.458984375,9.326066970825195,-7.716238700475889,110.3891273597248,20,20,40,40,60,60,588304,159925,240,1.500703454017639,510972,121104,.2058527618646622,.2370071113109589,.76299286,.79414725
3471,1.901117205619812,0,81005,.3475707471370697,.433769553899765,915.9605712890625,10.54008674621582,-7.802936468274071,110.3741732225223,14,14,23,23,40,40,342267,80995,154,1.901351928710938,300780,118962,.3475707471370697,.395511656999588,.60448837,.65242922
3501,1.097861289978027,0,138451,.1701730340719223,.5595221519470215,13817.3955078125,6.522472381591797,-8.126879472921452,111.1769696988601,13,41,35,35,14,14,476562,138451,152,1.097861289978027,410864,81098,.1701730340719223,.1973840445280075,.80261594,.82982695
3502,1.867130160331726,1,200843,.1376895755529404,.416757345199585,563.5057373046875,6.153491497039795,-7.93195025881212,111.4989646721203,35,32,40,40,114,114,738756,200843,375,1.867130041122437,631541,101719,.1376895755529404,.1610647588968277,.83893526,.86231041
3503,1.207818627357483,0,149029,.1690783649682999,.4945278763771057,432.5966796875,6.735891342163086,-8.165124827703011,111.6239173565329,15,13,32,32,44,44,521279,149029,180,1.207818627357483,436973,88137,.1690783649682999,.2016989588737488,.79830104,.83092165
3504,1.19020688533783,0,203326,.1924498230218887,.4350003302097321,720.2369384765625,7.198986530303955,-8.114840476296576,111.8861893532817,24,44,40,40,47,47,759850,203326,242,1.19020688533783,652581,146233,.1924498230218887,.2240840643644333,.77591592,.80755019
3505,.8884923458099365,0,264493,.1745915561914444,.3433764278888702,575.5460205078125,6.529553890228271,-8.096493301996977,112.1667487619919,30,47,47,47,32,32,950802,264493,235,.8884923458099365,808522,166002,.1745915561914444,.2053153812885284,.79468465,.82540846
3506,1.057795643806458,0,294953,.1526406556367874,.3200394213199615,1122.217041015625,6.814451217651367,-7.829518487911205,112.0880462645458,48,32,38,38,78,78,1080695,294953,312,1.057795643806458,914731,164958,.1526406556367874,.1803349852561951,.81966501,.84735936
3507,1.781240344047546,1,462599,.1422740072011948,.2836900949478149,2423.94384765625,6.268125534057617,-8.111061916298564,112.6333655604007,98,52,120,120,217,217,1767055,462599,824,1.781240344047546,1503761,251406,.1422740072011948,.1671848148107529,.83281517,.85772598
3508,1.932963490486145,1,196072,.1130470782518387,.3764549493789673,1641.886840820313,5.606801986694336,-8.125547767705569,113.1381646411201,37,44,60,60,89,89,786628,196072,379,1.932963371276855,674257,88926,.1130470857024193,.1318873912096024,.86811262,.88695294
3509,1.919479012489319,1,411570,.1177925392985344,.2809208035469055,578.5930786132813,5.266305923461914,-8.237253091656598,113.6599312105149,111,47,130,130,186,186,1706271,411570,790,1.919479131698608,1445736,200986,.1177925392985344,.1390198469161987,.86098015,.88220745
3510,1.485401391983032,0,338629,.14519302546978,.3128598034381866,225.5519561767578,6.454989433288574,-8.365390598892205,114.2077976653678,76,47,140,140,50,50,1304367,338629,503,1.485401391983032,1099653,189385,.14519302546978,.1722225099802017,.8277775,.85480696
3511,2.995058298110962,1,120198,.1083775833249092,.4327092170715332,355.2749938964844,4.347829341888428,-7.94169550515557,113.9457989032477,42,32,48,48,95,95,554229,120198,360,2.995058298110962,479185,60066,.1083775833249092,.1253503412008286,.87464964,.89162242
3512,3.514471530914307,1,101580,.1094665676355362,.4749344289302826,322.4327697753906,4.477653980255127,-7.800723517434637,114.0529572535821,35,92,80,80,35,35,470107,101580,357,3.514471530914307,417428,51461,.1094665676355362,.1232811436057091,.87671888,.89053345
3513,2.777044534683228,1,181848,.1016850098967552,.35687455534935,541.040771484375,4.331003189086914,-7.867466296469117,113.3196398678572,54,45,56,56,147,147,756375,181848,505,2.777044773101807,638403,76912,.1016850098967552,.1204756274819374,.87952435,.89831501
3514,1.377671837806702,0,242438,.1298511028289795,.3418466150760651,674.4915161132813,5.237502574920654,-7.744773988209561,112.829654227357,48,40,40,40,83,83,872792,242438,334,1.377671837806702,742996,113333,.1298511028289795,.1525351405143738,.84746486,.8701489
3515,1.202753663063049,0,189565,.1790293902158737,.3717697858810425,1127.7685546875,7.973194599151611,-7.451172599400802,112.6959040301543,34,34,30,30,50,50,667639,189565,228,1.202753663063049,562630,119527,.1790293902158737,.2124433517456055,.78755665,.82097059
3516,1.482606768608093,0,164575,.1997265964746475,.3777753412723541,720.9008178710938,6.642617225646973,-7.550743408823893,112.4832785162147,31,27,29,29,64,64,596185,164575,244,1.482606768608093,505535,119074,.1997265964746475,.2355405688285828,.76445943,.80027342
3517,1.445106625556946,0,217285,.1783196032047272,.3704474568367004,700.4180908203125,7.067877292633057,-7.546699157640541,112.2631520980055,46,38,54,54,61,61,812485,217285,314,1.445106744766235,692279,144882,.1783196032047272,.2092826664447784,.79071736,.82168043
3518,1.620027422904968,0,209873,.1561935991048813,.4402238726615906,654.7675170898438,6.955048084259033,-7.597549426664248,111.9372112399222,30,48,46,46,85,85,774590,209873,340,1.620027303695679,661131,120986,.1561935991048813,.1829985231161118,.81700146,.84380639
3519,1.357665300369263,0,163516,.1814331710338593,.4568256139755249,578.1524658203125,7.39451265335083,-7.625272146274535,111.6444107324776,25,35,37,37,44,44,583934,163516,222,1.357665300369263,500061,105945,.1814331710338593,.2118641585111618,.78813583,.8185668
3520,1.28071665763855,0,146012,.1776940822601318,.5224859714508057,827.7578125,7.140406608581543,-7.663080392667245,111.3556699982598,20,41,23,23,40,40,557081,146012,187,1.28071665763855,479511,98990,.1776940822601318,.2064394801855087,.7935605,.82230592
3521,1.680413961410522,0,195190,.1683871746063232,.3996807336807251,557.0457763671875,5.818826198577881,-7.438130014582143,111.3426279147266,38,48,46,46,75,75,694079,195190,328,1.680413961410522,593127,116874,.1683871746063232,.1970471739768982,.80295283,.83161283
3522,1.817015767097473,1,233900,.1240451410412788,.3779898285865784,361.7567138671875,5.640954971313477,-7.255133048929001,111.8060648331692,52,43,85,85,80,80,862428,233900,425,1.817015767097473,737545,106980,.1240451410412788,.1450487822294235,.8549512,.87595487
3523,2.2335045337677,1,198343,.1168425604701042,.4092955887317657,392.9957885742188,4.757498741149902,-6.953695254567569,111.8943708572399,48,77,77,77,82,82,748657,198343,443,2.2335045337677,639022,87475,.1168425604701042,.1368888765573502,.86311114,.88315743
3524,1.950248003005981,1,240995,.152048647403717,.3804439306259155,501.39990234375,6.11215877532959,-7.133099942667844,112.2999291562698,70,64,85,85,83,83,909038,240995,470,1.950247883796692,777443,138218,.152048647403717,.1777853816747665,.8222146,.84795135
3525,1.775239706039429,1,161105,.1855652928352356,.4397244155406952,537.329833984375,6.328508377075195,-6.922406011758316,112.5574155309354,49,37,58,58,42,42,610944,161105,286,1.775239706039429,520399,113370,.1855652928352356,.2178520709276199,.78214794,.81443471
3526,2.78812575340271,1,172876,.0950598195195198,.4049330651760101,551.4890747070313,4.460450172424316,-7.044636006317792,112.9276415245281,52,44,80,80,113,113,631455,172876,482,2.788125514984131,541125,60026,.0950598195195198,.1109281554818153,.88907182,.90494019
3527,3.431395053863525,1,152999,.0782091617584229,.3945296406745911,464.9435729980469,2.768447399139404,-7.051491750479128,113.2551487518094,49,40,100,100,118,118,535615,152999,525,3.431394815444946,450175,41890,.0782091617584229,.0930527001619339,.90694731,.92179084
3528,2.623875617980957,1,121957,.1170145943760872,.4086111783981323,621.2305297851563,5.536198139190674,-7.066753100296027,113.5020919461803,32,38,40,40,85,85,455362,121957,320,2.623875617980957,385926,53284,.1170145943760872,.1380679160356522,.8619321,.88298541
3529,3.757998704910278,1,174561,.0920187905430794,.3848227560520172,410.6709594726563,4.927112579345703,-6.964933105034759,114.4109500776847,57,99,90,90,160,160,762616,174561,656,3.757998466491699,660281,70175,.0920187905430794,.106280505657196,.89371949,.90798122
3571,1.350366592407227,0,46654,.2442121207714081,.3934923112392426,2839.126953125,8.751882553100586,-7.826638116575702,112.0130570912147,4,23,16,16,2,2,178865,46654,63,1.350366473197937,153862,43681,.2442121207714081,.2838972508907318,.71610272,.75578785
3572,2.780030012130737,0,17266,.237355574965477,.6887821555137634,2120.5,8.577053070068359,-8.132004997585431,112.2364058306038,2,2,16,16,6,6,67856,17266,48,2.780030012130737,59021,16106,.237355574965477,.2728859186172485,.72711408,.76264441
3573,.9724348187446594,0,103863,.2465437948703766,.2749225795269012,3549.815185546875,8.828664779663086,-7.973925272130269,112.6315521455603,17,28,15,15,13,13,422428,103863,101,.9724348187446594,362520,104147,.2465437948703766,.2872862219810486,.71271378,.75345623
3574,4.137400150299072,1,20786,.2001877874135971,.4887571930885315,1438.73681640625,7.084866523742676,-7.777541920927573,113.2130786090955,6,8,16,16,20,20,82008,20786,86,4.137400150299072,70539,16417,.2001877874135971,.2327364981174469,.76726353,.7998122
3575,4.454209804534912,0,19149,.2345016300678253,.537666380405426,2150.45703125,7.571759700775146,-7.653409126755001,112.9036824472968,4,4,14,14,0,0,75266,19149,36,1.879993677139282,65244,17650,.2345016300678253,.2705229520797729,.72947705,.7654984
3576,1.890482425689697,0,15340,.2325329482555389,.6151667237281799,3750.8125,8.726648330688477,-7.469042484456931,112.4383099469263,3,2,10,10,2,2,60013,15340,29,1.890482425689697,51381,13955,.2325329482555389,.2715984582901001,.72840154,.76746702
3577,1.353790521621704,0,35456,.2646477818489075,.3764680922031403,2475.39990234375,8.927850723266602,-7.629735827042642,111.5304308139019,3,13,15,15,1,1,136147,35456,48,1.353790640830994,117552,36031,.2646477818489075,.3065111637115479,.69348884,.73535222
3578,1.04475200176239,0,371380,.1941918283700943,.25773024559021,5679.7626953125,9.755390167236328,-7.274921487519972,112.7142384674478,77,37,37,37,100,100,1556255,371380,388,1.04475200176239,1328869,302212,.1941918283700943,.2274204641580582,.77257955,.80580819
5101,6.216951370239258,1,45199,.1511400789022446,.8992418646812439,204.3311920166016,6.220447063446045,-8.310739312160162,114.676541749401,5,8,22,22,112,112,172006,45199,281,6.216951847076416,139443,25997,.1511400789022446,.1864345967769623,.81356537,.84885991
5102,3.838673830032349,1,78673,.1474803686141968,.6283926367759705,390.5849304199219,7.701805591583252,-8.428070733094467,115.0781898399852,8,12,25,25,116,116,328064,78673,302,3.838673830032349,274070,48383,.1474803686141968,.1765351891517639,.82346481,.85251963
5103,1.979438662528992,1,96492,.1790352612733841,.5873884558677673,956.695068359375,7.572773456573486,-8.585033998608141,115.1873318659197,15,10,42,42,41,41,400396,96492,191,1.979438781738281,337657,71685,.1790352612733841,.2123012393712997,.78769875,.82096475
5104,2.422145366668701,1,63580,.1022305488586426,.5683856606483459,738.021728515625,6.898005485534668,-8.47980055302965,115.2872942477943,14,14,30,30,33,33,271592,63580,154,2.422145366668701,223338,27765,.1022305488586426,.1243182942271233,.8756817,.89776945
5105,2.293378114700317,0,34447,.1046896427869797,.8705161809921265,442.2444458007813,6.220988273620605,-8.668001795341736,115.4928095326002,7,8,16,16,16,16,139307,34447,79,2.293378353118896,118004,14584,.1046896427869797,.1235890313982964,.87641096,.89531034
5106,2.73265528678894,0,32935,.0923825427889824,.711148202419281,265.5997314453125,5.510476112365723,-8.2929202380943,115.3495846299493,8,8,18,18,19,19,138327,32935,90,2.73265528678894,115826,12779,.0923825427889824,.1103292852640152,.88967073,.90761745
5107,2.518455505371094,1,63531,.0692682340741158,.6740888357162476,318.4505920410156,5.170928478240967,-8.376201412456467,115.5306130734709,16,16,33,33,31,31,267352,63531,160,2.518455505371094,222500,18519,.0692682340741158,.0832314640283585,.91676855,.93073177
5108,5.039703845977783,1,100998,.1355834752321243,.6479813456535339,295.2631225585938,7.530191421508789,-8.200357035540533,114.9634982231173,17,14,44,44,195,195,403294,100998,509,5.039703369140625,328682,54680,.1355834752321243,.1663614064455032,.83363861,.86441654
5171,6.216951370239258,1,45199,.1511400789022446,.8992418646812439,,8.243352890014648,-8.663151834870606,115.2204430140823,,,,,,,400396,96492,191,1.979438781738281,337657,71685,.1790352612733841,.2123012393712997,.78769875,.82096475
5201,2.682499885559082,1,122274,.0799471214413643,.4282559156417847,309.1643371582031,3.968204259872437,-8.524787708251985,116.179226069815,32,32,72,72,60,60,509812,122274,328,2.682500123977661,416533,40758,.0799471214413643,.0978505909442902,.90214944,.92005289
5202,2.517635345458984,1,126309,.0775180011987686,.3939780294895172,334.0238037109375,4.411092758178711,-8.71626931231868,116.2980702198581,30,30,70,70,59,59,476986,126309,318,2.517635345458984,382759,36975,.0775180011987686,.0966012552380562,.90339875,.92248201
5203,2.116510152816772,1,156862,.094292514026165,.3998485803604126,370.3395690917969,5.290139198303223,-8.536829718273326,116.538762173421,34,34,72,72,60,60,594395,156862,332,2.116509914398193,476390,56047,.094292514026165,.1176494061946869,.88235056,.90570748
5204,2.401145219802856,1,64969,.1382601857185364,.6008941531181335,28.67973709106445,6.399285793304443,-8.728470620120753,117.3627234591761,14,14,31,31,33,33,243577,64969,156,2.401145219802856,204868,33677,.1382601857185364,.1643839031457901,.83561611,.86173981
5205,3.801140308380127,1,19994,.1558057963848114,1.211948752403259,31.90619659423828,7.148908615112305,-8.491657490994729,118.2345414811125,6,6,13,13,19,19,74150,19994,76,3.801140308380127,61119,11553,.1558057963848114,.1890246868133545,.81097531,.84419417
5206,2.474570274353027,1,84055,.1633483022451401,.5393242835998535,66.01675415039063,7.146579742431641,-8.460645832075297,118.6035895074674,14,14,47,47,43,43,303413,84055,208,2.474570274353027,251467,49562,.1633483022451401,.1970914602279663,.80290854,.83665168
5271,2.682499885559082,1,122274,.0799471214413643,.4282559156417847,,6.473214149475098,-8.584754601484642,116.1122978110036,,,,,,,509812,122274,328,2.682500123977661,416533,40758,.0799471214413643,.0978505909442902,.90214944,.92005289
5301,1.590191006660461,0,47793,.1653061658143997,.5053443312644958,46.32831573486328,5.511886119842529,-9.557950679318333,119.4475585220315,7,7,9,9,22,22,187676,47793,76,1.590191006660461,153116,31024,.1653061658143997,.2026176303625107,.79738235,.83469385
5302,2.104199886322021,0,23762,.1299568265676498,.871434211730957,14.78842830657959,6.225490093231201,-9.875977488080403,120.2474642717675,7,7,8,8,10,10,103519,23762,50,2.104199886322021,89729,13453,.1299568265676498,.1499292254447937,.85007077,.87004316
5303,1.491721034049988,0,80444,.1762409657239914,.4843378663063049,42.90488052368164,6.602583885192871,-10.10750332359355,123.5884174403569,16,16,14,14,30,30,314836,80444,120,1.491720914840698,270127,55487,.1762409657239914,.2054107934236526,.79458922,.82375902
5304,1.098789811134338,0,69167,.2079894989728928,.4578618109226227,61.00608062744141,5.779151916503906,-9.825332401793794,124.3892170904433,8,8,10,10,20,20,240791,69167,76,1.098789811134338,197239,50082,.2079894989728928,.2539153099060059,.74608469,.79201049
5305,1.266905307769775,0,31573,.1682514846324921,.7038265466690063,43.91722869873047,5.768601417541504,-9.38383048793121,124.5674000961372,7,7,7,7,6,6,117259,31573,40,1.266905188560486,98101,19729,.1682514697313309,.2011090666055679,.79889095,.83174855
5306,1.358798265457153,0,39741,.116339348256588,.5514219999313354,62.6181526184082,5.732769012451172,-9.332430952215825,124.9313887875956,7,7,8,8,12,12,153164,39741,54,1.358798265457153,129311,17819,.116339348256588,.1377995759248734,.86220044,.88366067
5307,1.300229072570801,0,32302,.2432449012994766,.6535775065422058,39.92844772338867,8.083600044250488,-8.306827947784475,124.5652656958202,7,7,8,8,6,6,114395,32302,42,1.300229072570801,96738,27826,.2432449012994766,.2876429259777069,.71235704,.75675511
5308,1.384790420532227,0,60659,.1764731407165527,.4742620587348938,74.63364410400391,8.562337875366211,-8.374590569125706,123.189563888176,13,13,13,13,16,16,229797,60659,84,1.384790420532227,192731,40553,.1764731407165527,.2104124426841736,.78958756,.82352686
5309,1.049148559570313,0,49564,.1613411158323288,.6689541935920715,105.9547958374023,5.362849235534668,-8.608601043062025,122.3051344703896,7,7,7,7,12,12,189871,49564,52,1.049148559570313,161853,30634,.1613411158323288,.1892705112695694,.8107295,.83865887
5310,1.271037936210632,0,45632,.1811343282461166,.543258011341095,87.60674285888672,7.330550670623779,-8.681021094224601,121.7173568498925,7,7,8,8,14,14,179331,45632,58,1.271037817001343,151239,32483,.1811343282461166,.214779257774353,.78522074,.81886566
5311,1.728655219078064,0,37023,.1709688901901245,.7467498779296875,47.32159423828125,7.617411613464355,-8.689170293263139,121.1101494808185,8,8,9,9,15,15,143763,37023,64,1.728655219078064,120162,24579,.1709688901901245,.2045488655567169,.79545116,.82903111
5312,1.301151514053345,0,92226,.1181089580059052,.4517646729946136,44.91914367675781,6.236243724822998,-8.57577498171316,120.3126870524096,11,11,14,14,35,35,320543,92226,120,1.301151514053345,258276,37859,.1181089580059052,.1465834975242615,.8534165,.88189101
6101,3.058019638061523,1,144865,.1039765551686287,.4934468865394592,43.3126220703125,5.190133571624756,1.214897787576696,109.4394552760053,21,20,54,54,147,147,532572,144865,443,3.058019638061523,449571,55375,.1039765551686287,.1231729835271835,.876827,.89602345
6102,3.534395694732666,1,123925,.1351576298475266,.5922356247901917,24.8571891784668,5.516854286193848,,,23,19,53,53,145,145,451680,123925,438,3.534395694732666,380722,61048,.1351576298475266,.16034796833992,.83965206,.86484236
6103,4.283326148986816,1,76576,.1161211803555489,.7047367691993713,15.35537052154541,5.682374477386475,,,21,25,38,38,103,103,281034,76576,328,4.283326148986816,232547,32634,.1161211803555489,.1403329223394394,.85966706,.88387883
6104,3.735181093215942,1,55419,.0977738350629807,.7984181642532349,5.599821090698242,4.739428997039795,.0900715304308454,109.6030323318661,15,14,24,24,65,65,200524,55419,207,3.735181093215942,166998,19606,.0977738350629807,.1174026057124138,.88259739,.90222615
6105,4.083597660064697,1,60241,.0728697031736374,.8709647059440613,6.960407733917236,5.120548248291016,.1824180397257293,110.5975891717747,19,19,28,28,76,76,224675,60241,246,4.083597660064697,188019,16372,.0728697031736374,.0870763063430786,.91292369,.92713028
6106,4.851463317871094,1,31743,.1097536981105804,1.21298348903656,3.749614715576172,5.894087791442871,-1.561162864618434,110.519673135144,17,19,16,16,43,43,111896,31743,154,4.851463317871094,93411,12281,.1097536981105804,.1314727365970612,.86852729,.89024627
6171,3.514819622039795,1,59178,.1825193613767624,.4020224809646606,20.18135452270508,8.534723281860352,-.0706051890436014,109.355918517385,4,4,27,27,73,73,217555,59178,208,3.514819860458374,182603,39708,.1825193613767624,.2174553573131561,.78254461,.81748062
6201,5.933757781982422,1,18538,.1311160027980804,1.455021977424622,3.242857217788696,6.604740619659424,-2.268068337801759,111.5262521525209,11,11,13,13,22,22,68100,18538,92,4.96277904510498,56947,8929,.1311160027980804,.1567949205636978,.84320509,.86888397
6202,1.242081761360168,0,104663,.2366883903741837,1.787615895271301,1.803234696388245,6.805699348449707,-1.987446021673156,112.6870529245491,24,24,22,22,28,28,178553,52294,148,2.830152750015259,148620,29768,.1667180061340332,.2002960592508316,.79970396,.83328199
6203,3.129615306854248,1,56876,.193192794919014,1.148703932762146,5.591609001159668,7.480709075927734,-1.853370945506984,114.011348081447,23,23,30,30,36,36,240300,70115,178,2.538686275482178,195818,46636,.1940740793943405,.2381599247455597,.76184011,.80592591
6204,3.95911979675293,1,21722,.1150234714150429,1.639055371284485,6.088597774505615,8.775266647338867,-1.881533477984283,114.9647969949606,13,13,11,11,19,19,90855,26109,86,3.293883323669434,74712,17478,.1923724561929703,.2339383214712143,.76606166,.80762756
6205,2.976190567016602,0,28224,.0891557335853577,1.275835871696472,3.039624929428101,6.70977783203125,-.3325139785198711,114.5399823065589,12,12,11,11,19,19,94649,27134,84,3.095746994018555,78373,17311,.1828968077898026,.2208796441555023,.77912033,.81710321
6271,5.861135959625244,0,8872,.2763895094394684,1.679419159889221,11.30500030517578,10.24810314178467,-1.80635176520669,113.7574744314123,2,2,8,8,16,16,27132,6872,52,7.566938400268555,22330,7499,.2763895094394684,.3358262479305267,.66417372,.72361052
6301,2.530761957168579,0,22918,.1441228836774826,1.290670394897461,21.35444831848145,5.474576473236084,-3.820618652835446,114.8910448107728,6,6,12,12,11,11,77456,22918,58,2.53076171875,64869,11175,.1442754566669464,.172270268201828,.8277297,.85572457
6302,3.476927280426025,1,39115,.1082115992903709,.636879563331604,11.13047122955322,6.378043651580811,-3.140120319273632,115.9212789336437,17,17,25,25,26,26,145197,39115,136,3.476927042007446,121160,15712,.1082115992903709,.1296797692775726,.8703202,.89178842
6303,3.103957653045654,1,79898,.1968200653791428,.5435925722122192,56.56618499755859,6.154502391815186,-3.32514963247398,115.0669217099697,13,13,55,55,56,56,285037,79898,248,3.103957414627075,236649,56101,.1968200653791428,.2370641678571701,.76293582,.80317992
6304,2.974056720733643,1,37659,.1546971201896667,.9049176573753357,42.73907089233398,5.380715370178223,-3.082652570267423,114.6189964627601,11,11,22,22,23,23,128089,37659,112,2.974056720733643,107481,19815,.1546971201896667,.1843581646680832,.81564182,.84530288
6305,3.732800960540771,1,23039,.1856479942798615,.9772271513938904,31.19844436645508,6.394072532653809,-2.906256239940185,115.0442311612275,7,7,18,18,18,18,84267,23039,86,3.732800960540771,72097,15644,.1856479942798615,.2169854491949081,.78301454,.81435204
6306,2.600255489349365,1,44611,.2022573798894882,.6579256057739258,97.1826171875,6.473351001739502,-2.723114183921598,115.2001477488231,8,8,28,28,30,30,165502,44611,132,2.958911418914795,141987,33474,.2022573798894882,.235753983259201,.76424599,.79774261
6307,1.425694584846497,0,56113,.2004755437374115,.623616635799408,133.1446990966797,6.535904407501221,-2.61399078595477,115.4238727770733,8,8,12,12,12,12,195989,56113,64,1.140555739402771,167210,39291,.2004755437374115,.234979972243309,.76502001,.79952443
6308,3.08467960357666,1,60298,.1562716364860535,.5324751138687134,79.72681427001953,6.188767910003662,-2.369350685227881,115.4730474846449,12,12,40,40,41,41,220923,60298,186,3.084679365158081,187818,34524,.1562716364860535,.1838162541389465,.81618375,.84372836
6309,2.746995449066162,0,32035,.1914031207561493,.6849406957626343,29.1363410949707,7.363391876220703,-1.88516360828659,115.4858338871666,7,7,18,18,19,19,114972,32035,88,2.746995449066162,97334,22006,.1914031207561493,.2260874956846237,.77391249,.80859685
6371,2.741059541702271,1,78072,.1968594789505005,.4106108844280243,3912.125,9.067927360534668,-3.337660314584345,114.5799239435563,6,6,50,50,51,51,281673,78072,214,2.741059541702271,237233,55450,.1968594789505005,.2337364554405212,.76626354,.80314052
6401,4.556962013244629,1,15800,.0962475910782814,2.42961597442627,3.818035840988159,5.062629222869873,-1.605055442864237,116.197603990414,10,10,6,6,20,20,57030,15800,72,4.556962013244629,48447,5489,.0962475910782814,.1132990717887878,.88670093,.90375239
6402,2.778567314147949,1,63342,.1036759689450264,.9930257201194763,2.646815776824951,7.393780708312988,,,30,30,18,18,40,40,250492,63342,176,2.77856707572937,212984,25970,.1036759689450264,.1219340413808823,.87806594,.89632404
6403,8.285610198974609,1,8207,.1441134065389633,4.700099945068359,1.320358633995056,6.607244491577148,.4494768862383243,116.2991710063781,8,8,6,6,20,20,31954,8207,68,8.285610198974609,27285,4605,.1441134065389633,.1687740534543991,.83122593,.85588658
6404,3.195188283920288,1,31923,.1068297550082207,1.436798930168152,1.584734797477722,7.377392292022705,,,14,14,10,10,27,27,119199,31923,102,3.195188522338867,97072,12734,.1068297550082207,.1311809718608856,.868819,.89317024
6471,2.019103765487671,0,38631,.208235040307045,.6609363555908203,183.3644866943359,9.857439994812012,-1.165646703936901,116.8806744237784,6,6,9,9,24,24,137340,38631,78,2.019103765487671,116070,28599,.208235040307045,.2463944107294083,.7536056,.79176497
6472,2.542877435684204,0,36966,.1972280591726303,.7106696367263794,175.6334686279297,9.339787483215332,-.4336226046706535,117.1838319456227,7,7,11,11,29,29,137521,36966,94,2.542877435684204,113852,27123,.1972280591726303,.2382303327322006,.76176965,.80277193
7101,1.130456447601318,0,116767,.1752501130104065,.5142576098442078,33.59531402587891,6.682590484619141,.6550312752888761,123.9465851836982,17,17,21,21,28,28,408519,116767,132,1.130456328392029,324869,71593,.1752501130104065,.2203749865293503,.779625,.82474989
7102,2.767958402633667,0,59972,.3974981606006622,1.63520872592926,12.9314432144165,7.34013557434082,1.220898686363286,124.7513603007838,16,16,22,22,45,45,211359,59972,166,2.767958402633667,171641,42962,.2032655328512192,.2503015100955963,.74969852,.79673445
7103,1.027252793312073,0,163543,.4372605383396149,1.028183817863464,75.28821563720703,8.30958366394043,3.795858988959962,126.2042441630334,28,28,24,24,32,32,616878,163543,168,1.027252793312073,512234,137180,.2223778516054153,.2678073048591614,.7321927,.77762216
7104,1.83862316608429,0,66354,.3867925405502319,1.343104124069214,51.18772125244141,7.413620948791504,.6885231166169852,122.3654788541027,17,17,19,19,25,25,229395,66354,122,1.83862316608429,191041,44825,.1954053044319153,.2346355020999908,.76536453,.8045947
7171,3.865752935409546,0,22764,.4234362542629242,1.616710424423218,604.3230590820313,8.002398490905762,1.520640490968627,124.8579733300996,4,4,24,24,16,16,82320,22764,88,3.865752935409546,67876,16633,.202052965760231,.2450497895479202,.75495023,.79794705
7172,2.326609373092651,0,42981,.4790889024734497,1.054818153381348,552.8407592773438,9.769271850585938,1.477331899490994,125.1479213295131,3,3,20,20,27,27,169684,42981,100,2.326609373092651,144975,41583,.2450614124536514,.2868287563323975,.71317124,.7549386
7173,1.027252793312073,0,163543,.4372605383396149,1.028183817863464,,8.124630928039551,.5249591038255408,123.1046433988824,,,,,,,616878,163543,168,1.027252793312073,512234,137180,.2223778516054153,.2678073048591614,.7321927,.77762216
7201,2.652519941329956,1,49010,.2128201723098755,.8579730987548828,15.06117343902588,8.078859329223633,,,15,15,18,18,32,32,181698,49010,130,2.652519941329956,150111,38669,.2128201723098755,.257602721452713,.74239731,.78717983
7202,2.382584095001221,1,61278,.2045051455497742,.861815869808197,7.587798595428467,8.212342262268066,-1.148229446029021,122.7046139035935,21,21,20,20,32,32,212557,61278,146,2.3825843334198,175511,43469,.2045051455497742,.2476710826158524,.75232893,.79549485
7203,2.378660202026367,1,105942,.1885242611169815,.5766958594322205,25.45833587646484,7.206368446350098,,,17,17,32,32,77,77,398092,105942,252,2.378659963607788,327573,75050,.1885242611169815,.2291092425584793,.77089077,.81147575
7204,3.081361055374146,1,30506,.1622552871704102,.8474797010421753,15.95410346984863,8.337491989135742,-1.773056097388018,121.2270177770353,12,12,10,10,25,25,121315,30506,94,3.081361055374146,95545,19684,.1622552871704102,.2060181051492691,.79398191,.83774471
7301,2.249770402908325,0,21780,.1326301842927933,.9537721872329712,102.2668914794922,7.106407165527344,-6.560153290274905,120.7192418222788,5,6,9,9,10,10,92342,21780,49,2.249770402908325,80189,12248,.1326373666524887,.1527391523122787,.84726083,.86736262
7302,1.433287024497986,0,69072,.1705713421106339,.4843372106552124,226.0320587158203,6.696173667907715,-5.435705264946893,120.2352893553244,10,9,19,19,21,21,260841,69072,99,1.433287024497986,215852,44492,.1705713421106339,.2061227113008499,.7938773,.82942867
7303,1.711652398109436,0,22785,.1253667175769806,.667390763759613,225.5202026367188,4.964653491973877,-5.48899541916527,119.994105232752,4,5,7,7,8,8,89306,22785,39,1.711652398109436,73411,11196,.1253667175769806,.1525112092494965,.84748876,.87463331
7304,1.100458860397339,0,53614,.1487300843000412,.5291692614555359,271.8224792480469,5.477076053619385,-5.585529014050246,119.7103602699927,7,8,11,11,11,11,200605,53614,59,1.100458741188049,165537,29836,.1487300843000412,.1802376508712769,.81976235,.8512699
7305,1.596408128738403,0,40090,.1157564893364906,.6111515164375305,269.0529174804688,5.535703182220459,-5.421431614874693,119.4030597180347,8,8,12,12,12,12,152553,40090,64,1.596408128738403,129932,17659,.1157564893364906,.1359095573425293,.86409044,.88424349
7306,.9575183987617493,0,105481,.1315324008464813,.338751494884491,204.7881011962891,5.737930297851563,-5.321414388691801,119.7238273997062,19,12,17,17,18,18,385616,105481,101,.9575183987617493,320173,50721,.1315324008464813,.1584174782037735,.84158254,.86846757
7307,1.445266723632813,0,40131,.1175793409347534,.5857483148574829,182.2121887207031,5.270309448242188,-5.212805321108403,120.1442975033509,7,7,11,11,11,11,149414,40131,58,1.445266723632813,122280,17568,.1175793409347534,.1436702609062195,.85632974,.88242066
7308,.5908243060112,0,150637,.031138651072979,.1632433980703354,130.9372711181641,4.753363609313965,-5.007366460418424,119.7255952876109,10,8,13,13,18,18,197424,54532,80,1.467028498649597,163356,18588,.0941526889801025,.1137882918119431,.88621169,.90584731
7309,2.915719270706177,1,54532,.1285861879587173,.6678063273429871,121.9419403076172,6.65775728225708,-4.790064783496804,119.6325973570964,9,10,55,55,15,15,205169,53586,159,2.967193126678467,170075,25386,.1237321421504021,.1492635607719421,.85073644,.87626785
7310,1.045049071311951,0,53586,.1185510456562042,.4086972177028656,184.5045013427734,6.805577754974365,-4.438315150813954,119.6903962475628,6,7,10,10,50,50,132718,34528,133,3.851946115493774,112581,24323,.183268278837204,.2160488963127136,.7839511,.81673169
7311,5.908248424530029,0,34528,.6052246689796448,1.865622878074646,112.9497909545898,5.867955207824707,-4.695483269700967,120.1308326844734,23,23,37,37,18,18,596943,87260,156,1.787760734558105,487947,80323,.134557232260704,.1646141856908798,.8353858,.86544275
7312,1.369327068328857,0,56232,.1566975563764572,.4529005587100983,169.7049255371094,6.896485805511475,-4.339711776535857,119.8906238420731,9,8,15,15,15,15,230625,56232,77,1.369327068328857,196923,36139,.1567002683877945,.1835184246301651,.81648159,.84329975
7313,1.417083024978638,0,84681,.149929404258728,.4732283353805542,128.5814056396484,5.561470508575439,-4.011024717352792,120.1688633016937,15,13,23,23,23,23,322225,84681,120,1.417083024978638,280220,48311,.149929404258728,.1724038273096085,.82759619,.8500706
7314,1.458338022232056,0,45257,.1253276616334915,.5058979392051697,96.43547821044922,6.349957466125488,-3.812346623496513,119.9680670880892,9,9,12,12,12,12,181588,45257,66,1.458337903022766,153315,22758,.1253276616334915,.1484394818544388,.85156053,.87467235
7315,1.217791676521301,0,67335,.1174413487315178,.4727319180965424,131.6075439453125,7.187772274017334,-3.6257542527536,119.6010134218047,12,10,15,15,15,15,258214,67335,82,1.217791676521301,212341,30325,.1174413487315178,.1428127437829971,.85718727,.88255864
7316,1.377616763114929,0,33391,.2017335295677185,.6440894603729248,67.82754516601563,8.004049301147461,-3.507703333307393,119.8726982993969,5,7,8,8,9,9,121140,33391,46,1.377616763114929,98323,24348,.2009905874729156,.2476328015327454,.7523672,.79900944
7317,1.675289511680603,0,81180,.169814333319664,.517331063747406,18.32735633850098,7.726893901824951,-2.602752958573177,120.5430289150278,16,18,24,24,27,27,326062,81180,136,1.675289511680603,267428,55370,.169814333319664,.2070463895797729,.79295361,.83018565
7318,1.238069534301758,0,88848,.1498268097639084,.4026297628879547,98.87274169921875,7.848548889160156,-3.016339656341362,119.7607697458454,11,11,21,21,23,23,316986,88848,110,1.238069534301758,250451,47493,.1498268097639084,.1896299123764038,.81037009,.85017318
7319,1.400103807449341,0,82851,.167907789349556,.4248291254043579,65.5706787109375,6.057608604431152,-3.118381432068912,119.2435277912045,10,10,23,23,25,25,313559,82851,116,1.400103807449341,257880,52649,.167907789349556,.2041608542203903,.79583913,.83209223
7320,1.868498086929321,0,19802,.1665378510951996,.7826417684555054,83.25421905517578,6.811462879180908,-3.151113336817623,118.9287002148965,4,5,6,6,8,8,78925,19802,37,1.868498206138611,66053,13144,.1665378510951996,.1989917159080505,.80100828,.83346212
7321,2.470660924911499,0,17809,.1601739674806595,1.019449353218079,6.300235271453857,6.130757331848145,-2.098848410105292,119.4206783273041,6,8,7,7,8,8,69668,17809,44,2.470660924911499,58193,11159,.1601739674806595,.1917584538459778,.80824155,.83982605
7371,1.156349658966064,0,107234,.2371229529380798,.4572091698646545,2470.261474609375,10.02271842956543,-5.1412392372379,119.4581826283689,11,13,20,20,30,30,434766,107234,124,1.156349658966064,364837,103093,.2371229529380798,.2825727760791779,.71742725,.76287705
7372,1.76678454875946,0,18678,.2103862762451172,.6964625716209412,732.7070922851563,9.793904304504395,-4.031131109563334,119.6593810937714,4,5,5,5,7,7,72538,18678,33,1.766784429550171,59854,15261,.2103862762451172,.2549704313278198,.74502957,.78961372
7401,2.116228103637695,1,85057,.1674843728542328,.6582344174385071,46.48522186279297,6.684916973114014,-5.120118354319896,122.3960167018871,20,20,25,25,45,45,300434,85057,180,2.116228103637695,249857,50318,.1674843728542328,.2013871967792511,.79861283,.8325156
7402,3.291855812072754,1,45567,.1625655740499496,.8234106302261353,31.51708602905273,6.839282035827637,-4.827091135710365,122.7492797412477,8,8,24,24,43,43,154024,45567,150,3.291856050491333,124068,25039,.1625655740499496,.2018167525529861,.79818326,.83743441
7403,2.399817228317261,1,52504,.1876789778470993,.9963046312332153,11.52718448638916,7.933015823364258,-3.728885166968943,122.1344912675917,15,15,15,15,33,33,189968,52504,126,2.399816989898682,152016,35653,.1876789778470993,.2345345169305801,.7654655,.81232101
7404,3.338898181915283,0,17970,.1775188744068146,1.303211212158203,6.759844779968262,7.395840167999268,-3.739675843574596,121.4444030423979,7,7,6,6,17,17,69694,17970,60,3.338898181915283,56302,12372,.1775188744068146,.2197435200214386,.78025651,.82248116
8101,1.164983868598938,0,72104,.2190458625555038,.6018674969673157,10.17879581451416,8.691858291625977,-6.897777094043393,131.8084035180127,9,9,8,8,16,16,254134,72104,66,.9153445363044739,186458,55667,.2190458625555038,.2985498011112213,.70145023,.78095412
8102,1.327152490615845,0,105489,.0351360626518726,.5189352631568909,13.13650703430176,6.92453670501709,-3.292971984125484,128.5352077229522,17,17,21,21,32,32,378870,105489,140,1.327152609825134,339800,73411,.1937630325555801,.2160417884588242,.7839582,.80623698
8103,8.598269462585449,0,18841,.9930030703544617,3.094149589538574,3.099345445632935,7.646796226501465,1.709867579086707,127.9277782266765,26,26,26,26,38,38,376305,100274,180,1.795081377029419,252347,69115,.1836675107479095,.2738887369632721,.72611129,.81633246
8104,8.598269462585449,0,18841,.9930030703544617,3.094149589538574,33.64447021484375,7.511744499206543,-.3181089343391419,127.3995712648632,,,,,,,376305,100274,180,1.795081377029419,57450,13312,.0353755615651608,.2317145317792892,.76828545,.96462446
8171,2.135231256484985,0,19670,.2683585286140442,.8350746035575867,211.2360687255859,10.28197765350342,-3.676894970728844,128.1824797540201,3,3,5,5,13,13,79636,19670,42,2.135231494903564,67005,21371,.2683585286140442,.318946361541748,.68105364,.73164147
8201,1.558201313018799,1,41073,.0920000001788139,1.752639043952616,.0167159537003504,4.130154609680176,,,6,18,10,10,10,10,160727,41073,64,1.558201313018799,18360,7628,.0474593564867973,.4154683947563171,.58453161,.95254064
8202,1.143066167831421,1,43742,.0027999999001622,1.90626060962677,1.677715659141541,2.565858364105225,,,10,12,7,7,7,7,174872,43742,50,1.143066167831421,1165,250,.0014296170556918,.2145922780036926,.78540772,.99857038
8203,2.703232049942017,1,25525,.1899999976158142,2.136680364608765,.9380254745483398,7.857112407684326,,,6,21,11,11,10,10,100753,25525,69,2.703232288360596,38313,11143,.1105972006917,.2908412218093872,.70915878,.88940281
8204,1.338130116462708,1,45586,.0097700003534555,2.011075735092163,1.929180502891541,2.660921096801758,,,8,17,9,9,9,9,155483,45586,61,1.338130116462708,2877,761,.0048944260925055,.2645116448402405,.73548836,.99510556
8205,3.083607912063599,1,14269,.1669999957084656,3.448463916778564,.5720673799514771,6.78394889831543,,,4,8,8,8,8,8,50907,14269,44,3.083607912063599,11480,4606,.0904787182807922,.401219516992569,.59878051,.90952128
8206,1.766478419303894,1,28871,.0931999981403351,1.941949844360352,1.490461230278015,6.66447114944458,,,4,15,8,8,8,8,106713,28871,51,1.766478538513184,19938,5377,.0503874868154526,.2696860134601593,.73031402,.9496125
8207,2.751525402069092,1,16718,.1270000040531158,2.85628867149353,.9133796095848083,4.461219310760498,,,4,12,8,8,8,8,63837,16718,48,2.871156930923462,11750,4397,.0688785463571548,.374212771654129,.62578726,.93112147
8208,2.269779443740845,1,15420,.0729999989271164,3.423489809036255,1.361677169799805,7.601933479309082,,,4,5,6,6,6,6,50888,15420,33,2.140077829360962,4415,1872,.0367866680026054,.4240090548992157,.57599092,.96321332
8209,2.398604393005371,1,18344,.119999997317791,1.687135100364685,18.93354606628418,8.378159523010254,,,4,8,8,8,8,8,59260,18344,44,2.39860463142395,17909,7106,.119912251830101,.3967837393283844,.60321629,.88008773
8271,2.703232049942017,1,25525,.1899999976158142,,,9.019133567810059,,,,,,,,,100753,25525,69,2.703232288360596,38313,11143,.1105972006917,.2908412218093872,.70915878,.88940281
